Wall time,Step,Value
1740778322.616008,4096000,4.108280181884766
1740778476.795395,8192000,4.79987907409668
